{
  "$schema": "https://raw.githubusercontent.com/spdx/spdx-spec/v2.2.1/schemas/spdx-schema.json",
  "spdxVersion": "SPDX-2.2",
  "dataLicense": "CC0-1.0",
  "SPDXID": "SPDXRef-DOCUMENT",
  "documentNamespace": "https://spdx.org/spdxdocs/imgui-x64-windows-1.89.4#1-f6c1f521-003d-4b08-aabf-e149e1b08895",
  "name": "imgui:x64-windows@1.89.4#1 6113e0a6ab3ecfb6cc587c7cd00d849605a21e8981888dddbeb995e7820cf2c5",
  "creationInfo": {
    "creators": [
      "Tool: vcpkg-bedcba5172f5e4b91caac660ab7afe92c27a9895"
    ],
    "created": "2023-07-13T09:29:23Z"
  },
  "relationships": [
    {
      "spdxElementId": "SPDXRef-port",
      "relationshipType": "GENERATES",
      "relatedSpdxElement": "SPDXRef-binary"
    },
    {
      "spdxElementId": "SPDXRef-port",
      "relationshipType": "CONTAINS",
      "relatedSpdxElement": "SPDXRef-file-0"
    },
    {
      "spdxElementId": "SPDXRef-port",
      "relationshipType": "CONTAINS",
      "relatedSpdxElement": "SPDXRef-file-1"
    },
    {
      "spdxElementId": "SPDXRef-port",
      "relationshipType": "CONTAINS",
      "relatedSpdxElement": "SPDXRef-file-2"
    },
    {
      "spdxElementId": "SPDXRef-port",
      "relationshipType": "CONTAINS",
      "relatedSpdxElement": "SPDXRef-file-3"
    },
    {
      "spdxElementId": "SPDXRef-binary",
      "relationshipType": "GENERATED_FROM",
      "relatedSpdxElement": "SPDXRef-port"
    },
    {
      "spdxElementId": "SPDXRef-file-0",
      "relationshipType": "CONTAINED_BY",
      "relatedSpdxElement": "SPDXRef-port"
    },
    {
      "spdxElementId": "SPDXRef-file-1",
      "relationshipType": "CONTAINED_BY",
      "relatedSpdxElement": "SPDXRef-port"
    },
    {
      "spdxElementId": "SPDXRef-file-2",
      "relationshipType": "CONTAINED_BY",
      "relatedSpdxElement": "SPDXRef-port"
    },
    {
      "spdxElementId": "SPDXRef-file-3",
      "relationshipType": "CONTAINED_BY",
      "relatedSpdxElement": "SPDXRef-port"
    },
    {
      "spdxElementId": "SPDXRef-file-3",
      "relationshipType": "DEPENDENCY_MANIFEST_OF",
      "relatedSpdxElement": "SPDXRef-port"
    }
  ],
  "packages": [
    {
      "name": "imgui",
      "SPDXID": "SPDXRef-port",
      "versionInfo": "1.89.4#1",
      "downloadLocation": "NOASSERTION",
      "homepage": "https://github.com/ocornut/imgui",
      "licenseConcluded": "MIT",
      "licenseDeclared": "NOASSERTION",
      "copyrightText": "NOASSERTION",
      "description": "Bloat-free Immediate Mode Graphical User interface for C++ with minimal dependencies.",
      "comment": "This is the port (recipe) consumed by vcpkg."
    },
    {
      "name": "imgui:x64-windows",
      "SPDXID": "SPDXRef-binary",
      "versionInfo": "6113e0a6ab3ecfb6cc587c7cd00d849605a21e8981888dddbeb995e7820cf2c5",
      "downloadLocation": "NONE",
      "licenseConcluded": "MIT",
      "licenseDeclared": "NOASSERTION",
      "copyrightText": "NOASSERTION",
      "comment": "This is a binary package built by vcpkg."
    },
    {
      "SPDXID": "SPDXRef-resource-1",
      "name": "ocornut/imgui",
      "downloadLocation": "git+https://github.com/ocornut/imgui@9e30fb0ec1b44dc1b041db6bdd53b130b2a18509",
      "licenseConcluded": "NOASSERTION",
      "licenseDeclared": "NOASSERTION",
      "copyrightText": "NOASSERTION",
      "checksums": [
        {
          "algorithm": "SHA512",
          "checksumValue": "f863bc1cb7482695061bf7012ae71ede87a74d08f7f3abc6360775ed70f14506142c5c751ae398086dcb3d3005a456af9b0267c62953a041502017468151ec35"
        }
      ]
    },
    {
      "SPDXID": "SPDXRef-resource-2",
      "name": "imgui_fonts_droid_sans.h",
      "packageFileName": "imgui_fonts_droid_sans.h",
      "downloadLocation": "https://raw.githubusercontent.com/libigl/libigl-imgui/c3efb9b62780f55f9bba34561f79a3087e057fc0/imgui_fonts_droid_sans.h",
      "licenseConcluded": "NOASSERTION",
      "licenseDeclared": "NOASSERTION",
      "copyrightText": "NOASSERTION",
      "checksums": [
        {
          "algorithm": "SHA512",
          "checksumValue": "abe9250c9a5989e0a3f2285bbcc83696ff8e38c1f5657c358e6fe616ff792d3c6e5ff2fa23c2eeae7d7b307392e0dc798a95d14f6d10f8e9bfbd7768d36d8b31"
        }
      ]
    }
  ],
  "files": [
    {
      "fileName": "./CMakeLists.txt",
      "SPDXID": "SPDXRef-file-0",
      "checksums": [
        {
          "algorithm": "SHA256",
          "checksumValue": "babb55a73a4449c4cee837ae029a9cf346089324400922e2f59ba22b08b6ce73"
        }
      ],
      "licenseConcluded": "NOASSERTION",
      "copyrightText": "NOASSERTION"
    },
    {
      "fileName": "./imgui-config.cmake.in",
      "SPDXID": "SPDXRef-file-1",
      "checksums": [
        {
          "algorithm": "SHA256",
          "checksumValue": "872817faad3a5c1f221a42309dc1b7c9c26434630df63d49a2b85a573c9598ed"
        }
      ],
      "licenseConcluded": "NOASSERTION",
      "copyrightText": "NOASSERTION"
    },
    {
      "fileName": "./portfile.cmake",
      "SPDXID": "SPDXRef-file-2",
      "checksums": [
        {
          "algorithm": "SHA256",
          "checksumValue": "c165d91496012c0faca8f7e9f359054873330c537f7b0f5c57ec003bf5f16443"
        }
      ],
      "licenseConcluded": "NOASSERTION",
      "copyrightText": "NOASSERTION"
    },
    {
      "fileName": "./vcpkg.json",
      "SPDXID": "SPDXRef-file-3",
      "checksums": [
        {
          "algorithm": "SHA256",
          "checksumValue": "2a3ab7e03207be68af022e0d2ad5e98efa44d5bbd24dcacfd0a44b2f25c8d3f0"
        }
      ],
      "licenseConcluded": "NOASSERTION",
      "copyrightText": "NOASSERTION"
    }
  ]
}
