{
  "$schema": "https://raw.githubusercontent.com/spdx/spdx-spec/v2.2.1/schemas/spdx-schema.json",
  "spdxVersion": "SPDX-2.2",
  "dataLicense": "CC0-1.0",
  "SPDXID": "SPDXRef-DOCUMENT",
  "documentNamespace": "https://spdx.org/spdxdocs/directxtex-x64-windows-2023-04-28#1-2d5c8875-e392-4838-9191-092d009d0c75",
  "name": "directxtex:x64-windows@2023-04-28#1 fd21ac9bb9f5223a94b2de99985749f995ce3e26638da2e7c8690d17e86bac65",
  "creationInfo": {
    "creators": [
      "Tool: vcpkg-bedcba5172f5e4b91caac660ab7afe92c27a9895"
    ],
    "created": "2023-07-13T09:29:15Z"
  },
  "relationships": [
    {
      "spdxElementId": "SPDXRef-port",
      "relationshipType": "GENERATES",
      "relatedSpdxElement": "SPDXRef-binary"
    },
    {
      "spdxElementId": "SPDXRef-port",
      "relationshipType": "CONTAINS",
      "relatedSpdxElement": "SPDXRef-file-0"
    },
    {
      "spdxElementId": "SPDXRef-port",
      "relationshipType": "CONTAINS",
      "relatedSpdxElement": "SPDXRef-file-1"
    },
    {
      "spdxElementId": "SPDXRef-binary",
      "relationshipType": "GENERATED_FROM",
      "relatedSpdxElement": "SPDXRef-port"
    },
    {
      "spdxElementId": "SPDXRef-file-0",
      "relationshipType": "CONTAINED_BY",
      "relatedSpdxElement": "SPDXRef-port"
    },
    {
      "spdxElementId": "SPDXRef-file-1",
      "relationshipType": "CONTAINED_BY",
      "relatedSpdxElement": "SPDXRef-port"
    },
    {
      "spdxElementId": "SPDXRef-file-1",
      "relationshipType": "DEPENDENCY_MANIFEST_OF",
      "relatedSpdxElement": "SPDXRef-port"
    }
  ],
  "packages": [
    {
      "name": "directxtex",
      "SPDXID": "SPDXRef-port",
      "versionInfo": "2023-04-28#1",
      "downloadLocation": "NOASSERTION",
      "homepage": "https://github.com/Microsoft/DirectXTex",
      "licenseConcluded": "MIT",
      "licenseDeclared": "NOASSERTION",
      "copyrightText": "NOASSERTION",
      "description": "DirectXTex texture processing library",
      "comment": "This is the port (recipe) consumed by vcpkg."
    },
    {
      "name": "directxtex:x64-windows",
      "SPDXID": "SPDXRef-binary",
      "versionInfo": "fd21ac9bb9f5223a94b2de99985749f995ce3e26638da2e7c8690d17e86bac65",
      "downloadLocation": "NONE",
      "licenseConcluded": "MIT",
      "licenseDeclared": "NOASSERTION",
      "copyrightText": "NOASSERTION",
      "comment": "This is a binary package built by vcpkg."
    },
    {
      "SPDXID": "SPDXRef-resource-1",
      "name": "Microsoft/DirectXTex",
      "downloadLocation": "git+https://github.com/Microsoft/DirectXTex@${DIRECTXTEX_TAG}",
      "licenseConcluded": "NOASSERTION",
      "licenseDeclared": "NOASSERTION",
      "copyrightText": "NOASSERTION",
      "checksums": [
        {
          "algorithm": "SHA512",
          "checksumValue": "112e25a61ff04dea82e0e6c695df8bf6a480008a2f6f68239b7393696f960b5fa5e42b93ba2043c652c34565f9b0ac9b3ac855204a0dc5f9b62e147ad5bacfbc"
        }
      ]
    },
    {
      "SPDXID": "SPDXRef-resource-2",
      "name": "texassemble-${DIRECTXTEX_TAG}.exe",
      "packageFileName": "texassemble-${DIRECTXTEX_TAG}.exe",
      "downloadLocation": "https://github.com/Microsoft/DirectXTex/releases/download/${DIRECTXTEX_TAG}/texassemble.exe",
      "licenseConcluded": "NOASSERTION",
      "licenseDeclared": "NOASSERTION",
      "copyrightText": "NOASSERTION",
      "checksums": [
        {
          "algorithm": "SHA512",
          "checksumValue": "758c3a99befca251ad0f05e6d9467dffef75868e541c027960c007406e55d10dbf5b09d4c4cf4f013a8c188d7a6a6dafecfd146d19a12ad520bfd47378adc331"
        }
      ]
    }
  ],
  "files": [
    {
      "fileName": "./portfile.cmake",
      "SPDXID": "SPDXRef-file-0",
      "checksums": [
        {
          "algorithm": "SHA256",
          "checksumValue": "cb49a995b74ccb34d6ffcaa15ee1e0a57e076bee37701e53b265089d13b793ee"
        }
      ],
      "licenseConcluded": "NOASSERTION",
      "copyrightText": "NOASSERTION"
    },
    {
      "fileName": "./vcpkg.json",
      "SPDXID": "SPDXRef-file-1",
      "checksums": [
        {
          "algorithm": "SHA256",
          "checksumValue": "a16fcc0dbdc966a19e50cc218590bf7ab481dcc9a973de0ff0f40fb3ce6d0eb8"
        }
      ],
      "licenseConcluded": "NOASSERTION",
      "copyrightText": "NOASSERTION"
    }
  ]
}
