{
  "$schema": "https://raw.githubusercontent.com/spdx/spdx-spec/v2.2.1/schemas/spdx-schema.json",
  "spdxVersion": "SPDX-2.2",
  "dataLicense": "CC0-1.0",
  "SPDXID": "SPDXRef-DOCUMENT",
  "documentNamespace": "https://spdx.org/spdxdocs/directxmath-x64-windows-2022-12-12-d8866315-4f36-46a1-a2c8-d421518be2f3",
  "name": "directxmath:x64-windows@2022-12-12 8bc4f5e705a9584907a806e33720fdddd0192a392120a546319f15a831581e4f",
  "creationInfo": {
    "creators": [
      "Tool: vcpkg-bedcba5172f5e4b91caac660ab7afe92c27a9895"
    ],
    "created": "2023-07-13T09:28:13Z"
  },
  "relationships": [
    {
      "spdxElementId": "SPDXRef-port",
      "relationshipType": "GENERATES",
      "relatedSpdxElement": "SPDXRef-binary"
    },
    {
      "spdxElementId": "SPDXRef-port",
      "relationshipType": "CONTAINS",
      "relatedSpdxElement": "SPDXRef-file-0"
    },
    {
      "spdxElementId": "SPDXRef-port",
      "relationshipType": "CONTAINS",
      "relatedSpdxElement": "SPDXRef-file-1"
    },
    {
      "spdxElementId": "SPDXRef-binary",
      "relationshipType": "GENERATED_FROM",
      "relatedSpdxElement": "SPDXRef-port"
    },
    {
      "spdxElementId": "SPDXRef-file-0",
      "relationshipType": "CONTAINED_BY",
      "relatedSpdxElement": "SPDXRef-port"
    },
    {
      "spdxElementId": "SPDXRef-file-1",
      "relationshipType": "CONTAINED_BY",
      "relatedSpdxElement": "SPDXRef-port"
    },
    {
      "spdxElementId": "SPDXRef-file-1",
      "relationshipType": "DEPENDENCY_MANIFEST_OF",
      "relatedSpdxElement": "SPDXRef-port"
    }
  ],
  "packages": [
    {
      "name": "directxmath",
      "SPDXID": "SPDXRef-port",
      "versionInfo": "2022-12-12",
      "downloadLocation": "NOASSERTION",
      "homepage": "https://github.com/Microsoft/DirectXMath",
      "licenseConcluded": "MIT",
      "licenseDeclared": "NOASSERTION",
      "copyrightText": "NOASSERTION",
      "description": "DirectXMath SIMD C++ math library",
      "comment": "This is the port (recipe) consumed by vcpkg."
    },
    {
      "name": "directxmath:x64-windows",
      "SPDXID": "SPDXRef-binary",
      "versionInfo": "8bc4f5e705a9584907a806e33720fdddd0192a392120a546319f15a831581e4f",
      "downloadLocation": "NONE",
      "licenseConcluded": "MIT",
      "licenseDeclared": "NOASSERTION",
      "copyrightText": "NOASSERTION",
      "comment": "This is a binary package built by vcpkg."
    },
    {
      "SPDXID": "SPDXRef-resource-1",
      "name": "Microsoft/DirectXMath",
      "downloadLocation": "git+https://github.com/Microsoft/DirectXMath@dec2022",
      "licenseConcluded": "NOASSERTION",
      "licenseDeclared": "NOASSERTION",
      "copyrightText": "NOASSERTION",
      "checksums": [
        {
          "algorithm": "SHA512",
          "checksumValue": "61da5464e4a6b0e405307496b0b925fc52e3f7acd3841527c5f8e86d5188865767dd44d4277f034c46b0088d1ee52da72f747c5965cd37411600418b605d4702"
        }
      ]
    },
    {
      "SPDXID": "SPDXRef-resource-2",
      "name": "sal.h",
      "packageFileName": "sal.h",
      "downloadLocation": "https://raw.githubusercontent.com/dotnet/corert/master/src/Native/inc/unix/sal.h",
      "licenseConcluded": "NOASSERTION",
      "licenseDeclared": "NOASSERTION",
      "copyrightText": "NOASSERTION",
      "checksums": [
        {
          "algorithm": "SHA512",
          "checksumValue": "1643571673195d9eb892d2f2ac76eac7113ef7aa0ca116d79f3e4d3dc9df8a31600a9668b7e7678dfbe5a76906f9e0734ef8d6db0903ccc68fc742dd8238d8b0"
        }
      ]
    }
  ],
  "files": [
    {
      "fileName": "./portfile.cmake",
      "SPDXID": "SPDXRef-file-0",
      "checksums": [
        {
          "algorithm": "SHA256",
          "checksumValue": "48050c3e8003e906d947a56b90bbf87d39336c16b1baa58c9f84f4150915c779"
        }
      ],
      "licenseConcluded": "NOASSERTION",
      "copyrightText": "NOASSERTION"
    },
    {
      "fileName": "./vcpkg.json",
      "SPDXID": "SPDXRef-file-1",
      "checksums": [
        {
          "algorithm": "SHA256",
          "checksumValue": "8ffecf695fe09f6f0b0d04324dfa9a9f6288f1f01d45da1c40ba8a3ae1789a6b"
        }
      ],
      "licenseConcluded": "NOASSERTION",
      "copyrightText": "NOASSERTION"
    }
  ]
}
